,ts_code,sub_code,name,ipo_date,issue_date,amount,market_amount,price,pe,limit_amount,funds,ballot
0,300976.SZ,300976,达瑞电子,20210406,,1305.0,1305.0,168.0,38.71,1.3,21.93,0.0
1,300973.SZ,300973,立高食品,20210406,,4234.0,1080.0,0.0,0.0,1.05,13.917,0.0
2,300972.SZ,300972,万辰生物,20210406,,3838.0,1094.0,0.0,0.0,1.05,0.0,0.0
3,605098.SH,707098,行动教育,20210406,,2109.0,844.0,0.0,0.0,0.8,5.817,0.0
4,601279.SH,780279,英利汽车,20210402,,14943.0,4483.0,0.0,0.0,4.4,3.093,0.0
5,300971.SZ,300971,博亚精工,20210402,,2100.0,599.0,0.0,0.0,0.55,4.43,0.0
6,300968.SZ,300968,格林精密,20210401,,10338.0,1757.0,6.87,24.34,1.75,6.724,0.0
7,688663.SH,787663,新风光,20210401,,3499.0,945.0,14.48,20.53,0.9,6.68,0.0
8,300967.SZ,300967,晓鸣股份,20210331,,4700.0,1340.0,4.54,7.98,1.3,6.699,0.0
9,688315.SH,787315,诺禾致源,20210331,,4020.0,683.0,12.76,231.51,0.65,5.74,0.0
10,605378.SH,707378,野马电池,20210330,,3334.0,3001.0,17.62,22.98,1.3,5.875,0.03
11,688683.SH,787683,莱尔科技,20210330,,3714.0,1263.0,9.51,26.28,0.9,6.375,0.03
12,688611.SH,787611,杭州柯林,20210330,,1398.0,531.0,33.44,19.0,0.35,6.024,0.03
13,688468.SH,787468,科美诊断,20210329,,4100.0,1046.0,7.15,22.77,0.65,7.057,0.03
14,300969.SZ,300969,恒帅股份,20210329,,2000.0,2000.0,20.68,26.3,2.0,4.136,0.01
15,300966.SZ,300966,共同药业,20210329,,2900.0,1407.0,8.24,16.33,0.8,7.171,0.02
16,300970.SZ,300970,华绿生物,20210329,,1459.0,1459.0,44.77,22.98,1.45,6.532,0.01
17,688636.SH,787636,智明达,20210326,,1250.0,425.0,34.5,30.03,0.3,0.0,0.03
18,688191.SH,787191,智洋创新,20210326,,3826.0,1454.0,11.38,22.61,1.05,4.066,0.03
19,300963.SZ,300963,中洲特材,20210326,,3000.0,1455.0,12.13,23.65,0.85,0.0,0.02
20,003041.SZ,003041,真爱美家,20210325,,2500.0,2250.0,18.0,19.02,1.0,4.5,0.02
21,300962.SZ,300962,中金辐照,20210325,,6600.0,3201.0,3.4,15.95,1.85,0.0,0.02
22,003043.SZ,003043,华亚智能,20210325,,2000.0,2000.0,19.81,22.99,2.0,3.962,0.01
23,003042.SZ,003042,中农联合,20210325,,2740.0,2466.0,21.56,22.99,1.05,5.907,0.02
24,688260.SH,787260,昀冢科技,20210323,,3000.0,1140.0,9.63,22.28,0.85,0.0,0.03
25,300965.SZ,300965,恒宇信通,20210323,,1500.0,1500.0,61.72,49.97,1.5,9.258,0.01
26,688630.SH,787630,芯碁微装,20210323,20210401,3020.0,1027.0,15.23,39.76,0.75,0.0,0.03
27,603324.SH,732324,盛剑环境,20210322,,3099.0,2789.0,19.87,22.99,1.2,6.157,0.03
28,688659.SH,787659,元琛科技,20210322,20210331,4000.0,1520.0,6.5,19.82,1.1,3.539,0.03
29,300961.SZ,300961,深水海纳,20210319,20210330,4432.0,2147.0,8.48,15.86,1.25,6.593,0.02
30,688626.SH,787626,翔宇医疗,20210319,20210331,4000.0,1524.0,28.82,45.15,1.1,7.859,0.03
31,688109.SH,787109,品茗股份,20210318,20210330,1360.0,517.0,50.05,42.5,0.35,6.634,0.03
32,300960.SZ,300960,通业科技,20210318,20210329,2560.0,1242.0,12.08,17.31,0.7,4.262,0.02
33,603759.SH,732759,海天股份,20210317,20210326,7800.0,7020.0,11.21,22.98,3.1,8.744,0.04
34,688661.SH,787661,和林微纳,20210317,20210329,2000.0,680.0,17.71,26.91,0.5,0.0,0.03
35,688195.SH,787195,腾景科技,20210316,20210326,3235.0,1229.0,13.6,42.24,0.9,3.821,0.03
36,300958.SZ,300958,建工修复,20210316,20210329,3566.0,1551.0,8.53,17.23,0.9,6.365,0.02
37,300957.SZ,300957,贝泰妮,20210316,20210325,6360.0,2226.0,47.33,51.25,1.05,16.113,0.02
38,688606.SH,787606,奥泰生物,20210315,20210325,1350.0,515.0,133.67,101.92,0.35,0.0,0.03
39,688633.SH,787633,星球石墨,20210315,20210324,1818.0,691.0,33.62,19.96,0.5,4.175,0.03
40,300956.SZ,300956,英力股份,20210312,20210326,3300.0,1601.0,12.85,16.75,0.9,5.781,0.02
41,300955.SZ,300955,嘉亨家化,20210312,20210324,2520.0,1204.0,16.53,26.75,0.7,4.867,0.02
42,688329.SH,787329,艾隆科技,20210312,20210329,1930.0,656.0,16.81,25.52,0.45,0.0,0.03
43,300959.SZ,300959,线上线下,20210311,20210322,2000.0,2000.0,41.0,56.88,2.0,8.2,0.01
44,688609.SH,787609,九联科技,20210311,20210323,10000.0,2550.0,3.99,17.82,1.7,7.068,0.04
45,688092.SH,787092,爱科科技,20210310,20210319,1479.0,503.0,19.11,26.78,0.35,0.0,0.03
46,605286.SH,707286,同力日升,20210310,20210322,4200.0,3780.0,15.08,22.99,1.6,6.334,0.03
47,605389.SH,707389,长龄液压,20210310,20210322,2433.0,2190.0,39.4,22.99,0.9,9.587,0.03
48,003040.SZ,003040,楚天龙,20210309,20210322,7839.0,7055.0,4.62,22.99,2.35,3.622,0.04
49,300953.SZ,300953,震裕科技,20210309,20210318,2327.0,1012.0,28.77,35.69,0.55,6.987,0.02
50,688616.SH,787616,西力科技,20210308,20210318,3750.0,1425.0,7.35,20.47,1.05,4.519,0.03
51,688456.SH,787456,有研粉材,20210308,20210317,3000.0,1140.0,10.62,24.67,0.85,4.478,0.03
52,688316.SH,787316,青云科技,20210303,20210316,1200.0,342.0,63.7,0.0,0.2,0.0,0.03
53,688083.SH,787083,中望软件,20210302,20210311,1549.0,536.0,150.5,119.49,0.35,6.713,0.03
54,688667.SH,787667,菱电电控,20210301,20210312,1290.0,491.0,75.42,26.1,0.35,6.151,0.03
55,300952.SZ,300952,恒辉安防,20210301,20210311,3623.0,1757.0,11.72,20.62,1.0,6.229,0.02
56,605122.SH,707122,四方新材,20210226,20210310,3090.0,2781.0,42.88,22.99,1.2,13.25,0.03
57,688676.SH,787676,金盘科技,20210226,20210309,4257.0,1085.0,10.1,21.08,0.7,6.283,0.03
58,688328.SH,787328,深科达,20210225,20210309,2026.0,689.0,16.49,32.0,0.5,4.145,0.03
59,605208.SH,707208,永茂泰,20210224,20210308,4700.0,4230.0,13.4,22.99,1.8,6.298,0.03
60,003039.SZ,003039,顺控发展,20210223,20210308,6200.0,5580.0,5.86,15.95,1.85,3.782,0.03
61,300950.SZ,300950,德固特,20210222,20210303,2500.0,1213.0,8.41,14.6,0.7,5.212,0.02
62,688079.SH,787079,美迪凯,20210219,20210302,10033.0,2169.0,10.19,62.15,1.4,8.337,0.03
63,688696.SH,787696,极米科技,20210219,20210303,1250.0,427.0,133.73,72.81,0.3,12.882,0.03
64,605060.SH,707060,联德股份,20210218,20210301,6000.0,5400.0,15.59,22.99,2.4,9.354,0.03
65,300951.SZ,300951,博硕科技,20210210,20210226,2000.0,2000.0,75.18,54.04,2.0,15.036,0.01
66,605303.SH,707303,园林股份,20210210,20210301,4031.0,3628.0,16.38,19.74,1.6,6.603,0.03
67,605298.SH,707298,必得科技,20210210,20210301,2700.0,2430.0,15.99,16.15,1.0,4.317,0.03
68,300949.SZ,300949,奥雅设计,20210209,20210226,1500.0,1500.0,54.23,31.92,1.5,8.134,0.01
69,300948.SZ,300948,冠中生态,20210209,20210225,2334.0,1132.0,13.0,20.38,0.65,5.002,0.02
70,688677.SH,787677,海泰新光,20210209,20210226,2178.0,741.0,35.76,45.54,0.55,9.621,0.03
71,688183.SH,787183,生益电子,20210208,20210225,16636.0,3494.0,12.42,23.44,2.3,41.281,0.04
72,605268.SH,707268,王力安防,20210205,20210224,6700.0,6030.0,10.32,22.97,2.0,6.914,0.04
73,688619.SH,787619,罗普特,20210204,20210223,4683.0,1782.0,19.31,41.47,1.3,7.473,0.03
74,605133.SH,707133,嵘泰股份,20210203,20210224,4000.0,3600.0,20.34,22.99,1.6,8.136,0.03
75,003038.SZ,003038,鑫铂股份,20210201,20210210,2661.0,2395.0,18.08,22.98,1.05,4.811,0.02
76,300947.SZ,300947,德必集团,20210201,20210210,1347.0,1347.0,51.47,32.0,1.3,6.935,0.01
77,300943.SZ,300943,春晖智控,20210201,20210210,3400.0,1479.0,9.79,20.88,0.85,4.461,0.02
78,300945.SZ,300945,曼卡龙,20210201,20210210,5100.0,2474.0,4.56,15.28,1.45,4.224,0.02
79,300942.SZ,300942,易瑞生物,20210129,20210209,4086.0,1594.0,5.31,28.11,0.75,0.0,0.02
80,688665.SH,787665,四方光电,20210129,20210209,1750.0,597.0,29.53,36.22,0.4,6.391,0.03
81,300941.SZ,300941,创识科技,20210129,20210209,3413.0,1655.0,21.31,30.75,0.95,0.0,0.02
82,688070.SH,787070,纵横股份,20210129,20210210,2190.0,746.0,23.16,63.92,0.55,5.124,0.03
83,688059.SH,787059,华锐精密,20210128,20210208,1100.0,374.0,37.09,23.95,0.25,6.685,0.03
84,605081.SH,707081,太和水,20210128,20210209,1953.0,1953.0,43.3,22.99,1.9,8.456,0.01
85,605077.SH,707077,华康股份,20210128,20210209,2914.0,2623.0,51.63,22.99,1.1,15.045,0.03
86,300946.SZ,300946,恒而达,20210128,20210208,1667.0,1667.0,29.45,32.02,1.65,4.909,0.01
87,688687.SH,787687,凯因科技,20210127,20210208,4246.0,1614.0,18.98,42.96,1.2,11.993,0.03
88,605337.SH,707337,李子园,20210127,20210208,3870.0,3483.0,20.04,17.75,1.5,7.755,0.03
89,600916.SH,730916,中国黄金,20210127,20210205,18000.0,16200.0,4.99,19.1,5.4,10.8,0.07
90,003037.SZ,003037,三和管桩,20210126,20210204,6800.0,6120.0,6.38,22.75,2.0,4.386,0.04
91,300940.SZ,300940,南极光,20210125,20210203,2961.0,1436.0,12.76,19.93,0.8,5.796,0.02
92,601963.SH,780963,重庆银行,20210121,20210205,34745.0,31271.0,10.83,8.97,10.4,0.0,0.11
93,688607.SH,787607,康众医疗,20210121,20210201,2203.0,754.0,23.21,58.24,0.55,5.095,0.03
94,605055.SH,707055,迎丰股份,20210120,20210129,8000.0,7200.0,4.82,22.99,2.4,3.856,0.04
95,688628.SH,787628,优利德,20210120,20210201,2750.0,1045.0,19.11,39.79,0.75,4.703,0.03
96,605368.SH,707368,蓝天燃气,20210120,20210129,6550.0,5895.0,14.96,21.72,1.9,9.838,0.04
97,003036.SZ,003036,泰坦股份,20210119,20210128,5400.0,4860.0,5.72,22.96,1.6,3.089,0.03
98,688350.SH,787350,富淼科技,20210119,20210128,3055.0,1039.0,13.58,20.14,0.75,0.0,0.03
99,300939.SZ,300939,秋田微,20210118,20210128,2000.0,2000.0,37.18,39.98,2.0,7.436,0.01
100,300937.SZ,300937,药易购,20210118,20210127,2392.0,1196.0,12.25,18.71,0.65,0.0,0.02
101,300938.SZ,300938,信测标准,20210118,20210127,1628.0,1628.0,37.28,36.04,1.6,6.067,0.01
102,688689.SH,787689,银河微电,20210113,20210127,3210.0,1220.0,14.01,36.26,0.9,3.807,0.03
103,300933.SZ,300933,中辰股份,20210113,20210122,9170.0,3576.0,3.37,18.23,1.7,0.0,0.03
104,688669.SH,787669,聚石化学,20210113,20210125,2333.0,794.0,36.65,36.34,0.55,5.495,0.03
105,300932.SZ,300932,三友联众,20210113,20210122,3150.0,1528.0,24.69,33.63,0.85,0.0,0.02
106,688680.SH,787680,海优新材,20210113,20210122,2101.0,800.0,69.94,96.75,0.55,6.653,0.03
107,300931.SZ,300931,通用电梯,20210111,20210121,6004.0,2912.0,4.31,17.37,1.7,0.0,0.02
108,300936.SZ,300936,中英科技,20210111,20210126,1880.0,1880.0,30.39,50.99,1.85,5.713,0.01
109,300930.SZ,300930,屹通新材,20210111,20210121,2500.0,1213.0,13.11,25.22,0.7,0.0,0.02
110,605398.SH,707398,新炬网络,20210111,20210121,1487.0,1487.0,37.61,22.98,1.4,5.594,0.01
111,300929.SZ,300929,华骐环保,20210108,20210120,2065.0,905.0,13.87,17.25,0.5,3.99,0.02
112,300935.SZ,300935,盈建科,20210108,20210120,1413.0,1413.0,56.96,49.69,1.4,8.048,0.01
113,003035.SZ,003035,南网能源,20210108,20210119,75758.0,68182.0,1.4,22.88,22.7,10.606,0.18
114,605228.SH,707228,神通科技,20210107,20210120,8000.0,7200.0,5.89,22.98,2.4,4.712,0.05
115,605005.SH,707005,合兴股份,20210107,20210119,4010.0,3609.0,6.38,22.96,1.2,2.558,0.03
116,688317.SH,787317,之江生物,20210106,20210118,4868.0,1669.0,43.22,189.85,1.2,14.663,0.03
117,688819.SH,787819,天能股份,20210105,20210118,11660.0,3132.0,41.79,30.98,2.05,0.0,0.04
118,688656.SH,787656,浩欧博,20210104,20210113,1576.0,536.0,35.26,36.42,0.4,6.78,0.03
119,003032.SZ,003032,传智教育,20201231,20210112,4024.0,3622.0,8.46,22.98,1.2,3.405,0.03
120,003033.SZ,003033,征和工业,20201230,20210111,2045.0,1841.0,23.28,22.99,0.8,4.761,0.02
121,688617.SH,787617,惠泰医疗,20201228,20210107,1667.0,568.0,74.46,61.61,0.4,0.0,0.03
122,300926.SZ,300926,博俊科技,20201225,20210107,3553.0,1723.0,10.76,25.28,1.0,0.0,0.02
123,300927.SZ,300927,江天化学,20201225,20210107,2005.0,972.0,13.39,20.94,0.55,3.289,0.02
124,300928.SZ,300928,华安鑫创,20201224,20210106,2000.0,2000.0,38.05,36.58,2.0,7.61,0.01
125,003030.SZ,003030,祖名股份,20201223,20210106,3120.0,2808.0,15.18,22.99,1.2,4.736,0.02
126,605277.SH,707277,新亚电子,20201223,20210106,3336.0,3002.0,16.95,22.98,1.3,5.655,0.03
127,605155.SH,707155,西大门,20201222,20201231,2400.0,2160.0,21.17,22.99,0.9,5.081,0.02
128,688686.SH,787686,奥普特,20201222,20201231,2062.0,704.0,78.49,31.46,0.5,15.003,0.03
129,003031.SZ,003031,中瓷电子,20201222,20210104,2667.0,2400.0,15.27,22.98,1.05,4.072,0.02
130,300894.SZ,300894,火星人,20201222,20201231,4050.0,1580.0,14.07,25.77,0.75,0.0,0.02
131,688618.SH,787618,三旺通信,20201221,20201230,1263.0,435.0,34.08,31.79,0.3,5.009,0.03
132,688698.SH,787698,伟创电气,20201218,20201229,4500.0,1530.0,10.75,32.56,1.1,0.0,0.03
133,688063.SH,787063,派能科技,20201218,20201230,3871.0,1479.0,56.0,54.13,1.1,0.0,0.03
134,605377.SH,707377,华旺科技,20201217,20201228,5097.0,4587.0,18.63,22.98,2.0,9.495,0.03
135,300925.SZ,300925,法本信息,20201217,20201230,3237.0,1570.0,20.08,28.86,0.9,0.0,0.02
136,605179.SH,707179,一鸣食品,20201216,20201228,6100.0,5490.0,9.21,22.98,1.8,5.618,0.04
137,300922.SZ,300922,天秦装备,20201216,20201225,2800.0,1358.0,16.05,35.77,0.75,3.292,0.02
138,003029.SZ,003029,吉大正元,20201215,20201224,4510.0,4059.0,11.27,22.98,1.8,5.083,0.02
139,300920.SZ,300920,润阳科技,20201215,20201225,2500.0,1213.0,26.93,26.11,0.7,0.0,0.02
140,003028.SZ,003028,振邦智能,20201215,20201228,2740.0,2466.0,21.75,22.99,1.05,5.96,0.02
141,688679.SH,787679,通源环境,20201214,20201225,3292.0,1251.0,12.05,18.86,0.9,5.363,0.03
142,688560.SH,787560,明冠新材,20201214,20201224,4102.0,1395.0,15.87,32.11,1.0,4.878,0.03
143,688658.SH,787658,悦康药业,20201214,20201224,9000.0,2583.0,24.36,40.78,1.7,16.421,0.04
144,300918.SZ,300918,南山智尚,20201211,20201222,9000.0,4365.0,4.97,16.4,2.55,7.599,0.03
145,300923.SZ,300923,研奥股份,20201211,20201224,1965.0,1965.0,28.28,38.0,1.95,5.557,0.01
146,300919.SZ,300919,中伟股份,20201211,20201223,5697.0,1823.0,24.6,115.56,0.9,0.0,0.02
147,688678.SH,787678,福立旺,20201211,20201223,4335.0,1474.0,18.05,30.04,1.1,6.133,0.03
148,605186.SH,707186,健麾信息,20201210,20201222,3400.0,3060.0,14.2,22.98,1.3,4.828,0.03
149,300917.SZ,300917,特发服务,20201210,20201221,2500.0,1088.0,18.78,28.43,0.6,3.82,0.02
150,003026.SZ,003026,中晶科技,20201209,20201218,2495.0,2245.0,13.89,22.98,0.95,3.465,0.02
151,300921.SZ,300921,南凌科技,20201209,20201222,1823.0,1823.0,32.54,34.72,1.8,5.932,0.01
152,605500.SH,707500,森林包装,20201209,20201222,5000.0,4500.0,18.97,22.99,2.0,9.485,0.03
153,688668.SH,787668,鼎通科技,20201209,20201221,2129.0,809.0,20.07,33.25,0.6,4.993,0.03
154,003027.SZ,003027,同兴环保,20201208,20201218,2167.0,1950.0,40.11,22.99,0.85,8.692,0.02
155,688699.SH,787699,明微电子,20201208,20201218,1859.0,707.0,38.43,39.13,0.5,0.0,0.03
156,688510.SH,787510,航亚科技,20201203,20201216,6460.0,2067.0,8.17,53.35,1.55,7.406,0.03
157,003020.SZ,003020,立方制药,20201203,20201215,2316.0,2084.0,23.13,22.97,0.9,5.357,0.02
158,688608.SH,787608,恒玄科技,20201203,20201216,3000.0,960.0,162.07,355.03,0.7,20.498,0.03
159,003025.SZ,003025,思进智能,20201202,20201211,2010.0,1809.0,21.34,22.99,0.8,4.289,0.02
160,605299.SH,707299,舒华体育,20201202,20201215,5000.0,4500.0,7.27,22.99,1.5,3.635,0.04
161,003023.SZ,003023,彩虹集团,20201202,20201211,2030.0,1827.0,23.89,22.99,0.8,4.85,0.02
162,605151.SH,707151,西上海,20201202,20201215,3334.0,3001.0,16.13,22.99,1.3,5.378,0.03
163,688136.SH,787136,科兴制药,20201201,20201214,4968.0,1694.0,22.33,27.7,1.25,0.0,0.03
164,688308.SH,787308,欧科亿,20201201,20201210,2500.0,950.0,23.99,28.93,0.7,5.726,0.03
165,688571.SH,787571,杭华股份,20201130,20201211,8000.0,3040.0,5.33,21.82,2.25,4.433,0.04
166,605376.SH,707376,博迁新材,20201126,20201208,6540.0,5886.0,11.69,22.98,2.6,7.645,0.04
167,300913.SZ,300913,兆龙互连,20201125,20201207,3063.0,1485.0,13.21,24.47,0.85,4.765,0.02
168,003022.SZ,003022,联泓新科,20201125,20201208,14736.0,13262.0,11.46,22.99,4.4,16.887,0.05
169,688590.SH,787590,新致软件,20201125,20201207,4551.0,1547.0,10.73,30.15,1.15,6.153,0.03
170,605183.SH,707183,确成股份,20201125,20201207,4872.0,4385.0,14.38,22.99,1.4,7.006,0.04
171,601686.SH,780686,友发集团,20201124,20201204,14200.0,12780.0,12.86,22.97,4.2,18.261,0.06
172,003021.SZ,003021,兆威机电,20201124,20201204,2667.0,2400.0,75.12,22.99,1.05,20.035,0.02
173,300912.SZ,300912,凯龙高科,20201124,20201207,2800.0,1358.0,17.62,37.16,0.75,5.073,0.02
174,688557.SH,787557,兰剑智能,20201123,20201202,1817.0,690.0,27.7,31.69,0.5,4.292,0.03
175,300916.SZ,300916,朗特智能,20201120,20201202,1065.0,1065.0,56.52,50.0,1.05,6.019,0.01
176,300911.SZ,300911,亿田智能,20201120,20201203,2667.0,1293.0,24.35,26.73,0.75,6.493,0.02
177,605258.SH,707258,协和电子,20201119,20201203,2200.0,1980.0,26.56,22.99,0.8,5.843,0.02
178,605266.SH,707266,健之佳,20201119,20201201,1325.0,1325.0,72.89,22.99,1.3,9.658,0.01
179,300915.SZ,300915,海融科技,20201119,20201202,1500.0,1500.0,70.03,56.42,1.5,10.505,0.01
180,300910.SZ,300910,瑞丰新材,20201118,20201127,3750.0,1819.0,30.26,47.43,1.05,0.0,0.02
181,003004.SZ,003004,声迅股份,20201117,20201126,2046.0,1841.0,20.26,22.99,0.8,4.145,0.02
182,605177.SH,707177,东亚药业,20201116,20201125,2840.0,2556.0,31.13,22.99,1.1,8.841,0.03
183,605068.SH,707068,明新旭腾,20201111,20201123,4150.0,3735.0,23.17,22.99,1.6,9.616,0.03
184,300908.SZ,300908,仲景食品,20201111,20201123,2500.0,1213.0,39.74,46.27,0.7,5.418,0.02
185,688777.SH,787777,中控技术,20201111,20201124,4913.0,1216.0,35.73,64.04,0.8,17.278,0.03
186,300909.SZ,300909,汇创达,20201109,20201118,2523.0,1224.0,29.57,38.2,0.7,5.036,0.02
187,300907.SZ,300907,康平科技,20201109,20201118,2400.0,1164.0,14.3,30.3,0.65,3.98,0.02
188,688219.SH,787219,会通股份,20201104,20201118,4593.0,1309.0,8.29,38.14,0.85,0.0,0.03
189,003019.SZ,003019,宸展光电,20201103,20201117,3200.0,2880.0,23.58,22.99,1.25,7.546,0.02
190,300884.SZ,300884,狄耐克,20201103,20201112,3000.0,1455.0,24.87,26.11,0.85,7.259,0.02
191,688160.SH,787160,步科股份,20201102,20201112,2100.0,798.0,20.34,41.62,0.55,3.075,0.03
192,688057.SH,787057,金达莱,20201102,20201111,6900.0,2633.0,25.84,29.11,1.95,10.781,0.03
193,688135.SH,787135,利扬芯片,20201030,20201111,3410.0,1159.0,15.72,36.58,0.85,6.344,0.03
194,688688.SH,787688,蚂蚁集团,20201029,,192131.0,10024.0,68.8,156.22,31.7,0.0,0.13
195,605007.SH,707007,五洲特纸,20201028,20201110,4001.0,3601.0,10.09,22.97,1.2,4.037,0.03
196,003018.SZ,003018,金富科技,20201028,20201106,6500.0,5850.0,8.93,22.98,2.6,5.804,0.03
197,688529.SH,787529,豪森股份,20201028,20201109,3200.0,1216.0,20.2,28.63,0.9,8.696,0.03
198,300903.SZ,300903,科翔股份,20201027,20201105,4310.0,2090.0,13.06,30.58,1.2,8.094,0.02
199,300906.SZ,300906,日月明,20201027,20201105,2000.0,2000.0,26.42,39.2,2.0,5.284,0.01
200,300905.SZ,300905,宝丽迪,20201023,20201105,1800.0,1800.0,49.32,37.18,1.8,8.878,0.01
201,605169.SH,707169,洪通燃气,20201020,20201030,4000.0,3600.0,22.22,22.23,1.6,9.192,0.03
202,300902.SZ,300902,国安达,20201020,20201029,3200.0,1552.0,15.38,27.25,0.9,6.658,0.02
203,601995.SH,780995,中金公司,20201020,20201102,45859.0,23425.0,28.78,33.89,9.6,0.0,0.09
204,688133.SH,787133,泰坦科技,20201020,20201030,1906.0,649.0,44.47,48.81,0.45,0.0,0.03
205,689009.SH,795009,九号公司,20201019,20201029,7041.0,180.0,18.94,0.0,0.12,22.184,0.04
206,688221.SH,787221,前沿生物,20201016,20201028,8996.0,2579.0,20.5,0.0,1.7,0.0,0.04
207,300900.SZ,300900,广联航空,20201015,20201029,5256.0,2199.0,17.87,61.67,1.25,7.996,0.02
208,003016.SZ,003016,欣贺股份,20201015,20201026,10667.0,9600.0,8.99,16.2,3.2,9.589,0.04
209,003017.SZ,003017,大洋生物,20201014,20201026,1500.0,1500.0,28.85,22.99,1.5,4.327,0.01
210,688179.SH,787179,阿拉丁,20201014,20201026,2523.0,959.0,19.43,30.7,0.7,0.0,0.03
211,688129.SH,787129,东来技术,20201013,20201023,3000.0,1140.0,15.22,24.71,0.85,0.0,0.03
212,601187.SH,780187,厦门银行,20201013,20201027,26391.0,23752.0,6.71,10.35,7.9,17.709,0.09
213,003013.SZ,003013,地铁设计,20201009,20201022,4001.0,3601.0,13.43,22.99,1.2,5.373,0.03
214,605058.SH,707058,澳弘电子,20201009,20201021,3573.0,3216.0,18.23,22.98,1.4,6.514,0.03
215,003015.SZ,003015,日久光电,20201009,20201021,7027.0,6324.0,6.57,22.99,2.8,4.617,0.03
216,688788.SH,787788,科思科技,20201009,20201022,1888.0,656.0,106.04,37.13,0.45,13.958,0.03
217,601568.SH,780568,北元集团,20200930,20201020,36111.0,32500.0,10.17,22.41,10.8,36.725,0.12
218,688386.SH,787386,泛亚微透,20200929,20201016,1750.0,595.0,16.28,26.08,0.4,3.591,0.03
219,300898.SZ,300898,熊猫乳品,20200929,20201016,3100.0,1349.0,10.78,21.77,0.75,6.406,0.02
220,003012.SZ,003012,东鹏控股,20200929,20201019,14300.0,12870.0,11.35,18.52,4.25,16.23,0.05
221,300999.SZ,300999,金龙鱼,20200925,20201015,54216.0,15181.0,25.7,31.12,7.55,0.0,0.06
222,003001.SZ,003001,中岩大地,20200924,20201013,2429.0,2186.0,30.16,22.99,0.95,7.327,0.02
223,688330.SH,787330,宏力达,20200924,20201015,2500.0,955.0,88.23,41.97,0.7,12.912,0.03
224,605336.SH,707336,帅丰电器,20200924,20201019,3520.0,3168.0,24.29,22.99,1.4,8.55,0.03
225,300899.SZ,300899,上海凯鑫,20200923,20201016,1595.0,1595.0,24.43,27.35,1.55,3.897,0.01
226,605338.SH,707338,巴比食品,20200923,20201012,6200.0,5580.0,12.72,22.99,2.4,7.886,0.03
227,003011.SZ,003011,海象新材,20200921,20200930,1834.0,1834.0,38.67,21.93,1.8,7.092,0.01
228,605099.SH,707099,共创草坪,20200918,20200930,4009.0,3608.0,15.44,22.99,1.2,6.19,0.03
229,688093.SH,787093,世华科技,20200918,20200930,4300.0,1634.0,17.55,41.12,1.2,8.654,0.03
230,605018.SH,707018,长华股份,20200917,20200929,4168.0,3751.0,9.72,21.98,1.2,4.235,0.03
231,688013.SH,787013,天臣医疗,20200917,20200928,2000.0,680.0,18.62,38.21,0.5,4.113,0.03
232,605136.SH,707136,丽人丽妆,20200917,20200929,4001.0,3601.0,12.23,22.44,1.2,5.013,0.03
233,688585.SH,787585,上纬新材,20200917,20200928,4320.0,1231.0,2.49,11.51,0.8,0.0,0.03
234,300896.SZ,300896,爱美客,20200917,20200928,3020.0,1319.0,118.27,47.9,0.75,20.583,0.02
235,300897.SZ,300897,山科智能,20200916,20200928,1700.0,1700.0,33.46,35.99,1.7,5.688,0.01
236,003010.SZ,003010,若羽臣,20200916,20200925,3043.0,2739.0,15.2,22.98,1.2,4.625,0.02
237,605111.SH,707111,新洁能,20200916,20200928,2530.0,2277.0,19.91,22.99,1.0,5.037,0.02
238,603565.SH,732565,中谷物流,20200916,20200925,6667.0,6000.0,22.19,22.99,2.0,14.793,0.04
239,605218.SH,707218,伟时电子,20200916,20200928,5321.0,4789.0,10.97,22.98,2.1,5.837,0.03
240,688595.SH,787595,芯海科技,20200916,20200928,2500.0,850.0,22.82,61.14,0.6,0.0,0.03
241,002998.SZ,002998,优彩资源,20200916,20200925,8160.0,7344.0,5.85,22.99,3.25,4.774,0.03
242,300893.SZ,300893,松原股份,20200915,20200924,2500.0,1213.0,13.47,17.05,0.7,5.446,0.02
243,300895.SZ,300895,铜牛信息,20200915,20200924,2425.0,1176.0,12.65,24.48,0.65,3.888,0.02
244,003009.SZ,003009,中天火箭,20200915,20200925,3885.0,3496.0,12.94,22.9,1.55,5.027,0.02
245,003007.SZ,003007,直真科技,20200914,20200923,2000.0,2000.0,23.4,22.99,2.0,4.68,0.01
246,003008.SZ,003008,开普检测,20200914,20200923,2000.0,2000.0,30.42,22.99,2.0,6.084,0.01
247,688526.SH,787526,科前生物,20200911,20200922,10500.0,2440.0,11.69,26.23,1.6,18.707,0.04
248,688127.SH,787127,蓝特光学,20200910,20200921,4090.0,1166.0,15.41,56.8,0.75,7.903,0.03
249,003005.SZ,003005,竞业达,20200910,20200922,2650.0,2385.0,31.83,22.99,1.05,8.435,0.02
250,688156.SH,787156,路德环境,20200910,20200922,2296.0,872.0,15.91,34.01,0.65,3.934,0.03
251,300892.SZ,300892,品渥食品,20200909,20200924,2500.0,1213.0,26.66,28.66,0.7,5.494,0.02
252,003006.SZ,003006,百亚股份,20200909,20200921,4278.0,3850.0,6.61,22.98,1.25,2.828,0.03
253,688536.SH,787536,思瑞浦,20200909,20200921,2000.0,700.0,115.71,141.48,0.5,9.263,0.03
254,605050.SH,707050,福然德,20200909,20200924,7500.0,6750.0,10.9,19.0,2.2,8.175,0.04
255,605116.SH,707116,奥锐特,20200909,20200921,4100.0,3690.0,8.37,22.98,1.2,3.432,0.03
256,003003.SZ,003003,天元股份,20200909,20200921,4420.0,3978.0,10.49,22.98,1.7,4.637,0.02
257,003002.SZ,003002,壶化股份,20200908,20200922,5000.0,4500.0,8.22,22.4,2.0,4.11,0.03
258,605198.SH,707198,德利股份,20200908,20200918,2000.0,2000.0,7.6,18.1,2.0,1.52,0.01
259,300890.SZ,300890,翔丰华,20200908,20200917,2500.0,1250.0,14.69,29.15,0.7,5.616,0.02
260,300891.SZ,300891,惠云钛业,20200908,20200917,10000.0,4850.0,3.64,16.12,2.85,4.55,0.03
261,300887.SZ,300887,谱尼测试,20200907,20200916,1900.0,827.0,44.47,31.48,0.45,0.0,0.01
262,300888.SZ,300888,稳健医疗,20200907,20200917,5000.0,1797.0,74.3,65.96,0.85,15.103,0.02
263,688301.SH,787301,奕瑞科技,20200907,20200918,1820.0,628.0,119.6,101.78,0.45,0.0,0.03
264,300889.SZ,300889,爱克股份,20200907,20200916,3900.0,1892.0,27.97,32.83,1.1,9.42,0.02
265,688577.SH,787577,浙海德曼,20200904,20200916,1350.0,513.0,33.13,42.47,0.35,3.805,0.03
266,300886.SZ,300886,华业香料,20200904,20200916,1435.0,695.0,18.59,26.18,0.4,3.217,0.01
267,605369.SH,707369,拱东医疗,20200904,20200916,2000.0,2000.0,31.65,22.99,2.0,6.33,0.01
268,605128.SH,707128,上海沿浦,20200903,20200915,2000.0,2000.0,23.31,22.99,2.0,4.662,0.01
269,003000.SZ,003000,华文食品,20200903,20200914,4001.0,3601.0,5.02,22.71,1.2,2.009,0.03
270,603112.SH,732112,华翔股份,20200902,20200917,5320.0,4788.0,7.82,22.98,1.5,4.16,0.04
271,605358.SH,707358,立昂微,20200901,20200911,4058.0,3652.0,4.92,22.97,1.2,1.997,0.03
272,300883.SZ,300883,龙利得,20200901,20200910,8650.0,4195.0,4.64,19.75,2.45,4.681,0.02
273,002984.SZ,002984,森麒麟,20200901,20200911,6900.0,6210.0,18.96,16.63,2.05,13.082,0.03
274,688551.SH,787551,科威尔,20200828,20200910,2000.0,760.0,37.94,53.52,0.55,3.161,0.03
275,300885.SZ,300885,海昌新材,20200828,20200910,2000.0,2000.0,18.97,29.46,2.0,3.794,0.01
276,605009.SH,707009,豪悦护理,20200828,20200911,2667.0,2400.0,62.26,21.58,1.0,16.605,0.02
277,688095.SH,787095,福昕软件,20200828,20200908,1204.0,439.0,238.53,191.42,0.3,4.696,0.03
278,605003.SH,707003,众望布艺,20200827,20200908,2200.0,1980.0,25.75,22.24,0.8,5.665,0.02
279,688559.SH,787559,海目星,20200826,20200909,5000.0,1900.0,14.56,37.6,1.4,8.888,0.03
280,601702.SH,780702,华峰铝业,20200826,20200907,24963.0,22467.0,3.69,22.93,7.4,9.211,0.09
281,002999.SZ,002999,天禾股份,20200825,20200903,6208.0,5587.0,6.62,22.92,2.45,4.116,0.03
282,002997.SZ,002997,瑞鹄模具,20200825,20200903,4590.0,4131.0,12.48,20.67,1.8,5.728,0.02
283,688390.SH,787390,固德威,20200825,20200904,2200.0,837.0,37.93,34.59,0.6,7.493,0.03
284,300882.SZ,300882,万胜智能,20200825,20200910,3931.0,1907.0,10.33,23.15,1.1,5.573,0.02
285,688378.SH,787378,奥来德,20200824,20200903,1828.0,623.0,62.57,51.45,0.45,7.367,0.03
286,605006.SH,707006,山东玻纤,20200821,20200903,10000.0,9000.0,3.84,15.98,3.0,3.84,0.05
287,300880.SZ,300880,迦南智能,20200821,20200901,3334.0,1617.0,9.73,18.4,0.95,3.157,0.02
288,688056.SH,787056,莱伯泰科,20200821,20200902,1700.0,646.0,24.8,27.15,0.45,4.067,0.03
289,300881.SZ,300881,盛德鑫泰,20200821,20200901,2500.0,1213.0,14.17,20.49,0.7,3.953,0.02
290,300879.SZ,300879,大叶股份,20200821,20200901,4000.0,1940.0,10.58,22.5,1.1,0.0,0.02
291,603155.SH,732155,新亚强,20200820,20200901,3889.0,3500.0,31.85,22.76,1.5,12.386,0.03
292,688550.SH,787550,瑞联新材,20200820,20200902,1755.0,670.0,113.72,56.56,0.5,11.527,0.03
293,688569.SH,787569,铁科轨道,20200819,20200831,5267.0,2007.0,22.46,32.53,1.5,7.901,0.03
294,688513.SH,787513,苑东生物,20200819,20200902,3009.0,1026.0,44.36,60.64,0.75,12.683,0.03
295,688017.SH,787017,绿的谐波,20200819,20200828,3010.0,1147.0,35.06,106.24,0.85,6.134,0.03
296,002996.SZ,002996,顺博合金,20200819,20200828,5300.0,4770.0,8.41,22.98,1.55,4.457,0.03
297,688289.SH,787289,圣湘生物,20200818,20200828,4000.0,1369.0,50.48,536.3,1.0,6.312,0.03
298,688408.SH,787408,中信博,20200818,20200828,3393.0,1182.0,42.19,40.48,0.85,7.587,0.03
299,688215.SH,787215,瑞晟智能,20200818,20200828,1001.0,380.0,34.73,34.75,0.25,4.565,0.03
300,300877.SZ,300877,金春股份,20200813,20200824,3000.0,1455.0,30.54,45.69,0.85,4.627,0.02
301,688356.SH,787356,键凯科技,20200813,20200826,1500.0,570.0,41.18,45.26,0.4,3.611,0.03
302,605255.SH,707255,天普股份,20200813,20200825,3352.0,3017.0,12.66,22.99,1.3,4.244,0.03
303,300878.SZ,300878,维康药业,20200813,20200824,2011.0,975.0,41.34,30.51,0.55,6.279,0.02
304,605123.SH,707123,派克新材,20200813,20200825,2700.0,2430.0,30.33,22.99,1.0,8.189,0.02
305,300873.SZ,300873,海晨股份,20200812,20200824,3333.0,1617.0,30.72,35.06,0.95,7.301,0.02
306,300872.SZ,300872,天阳科技,20200812,20200824,5620.0,2726.0,21.34,50.66,1.6,6.656,0.02
307,300876.SZ,300876,蒙泰高新,20200812,20200824,2400.0,1164.0,20.09,30.48,0.65,4.353,0.02
308,605008.SH,707008,长鸿高科,20200812,20200821,4600.0,4140.0,10.54,22.99,1.3,4.848,0.04
309,300864.SZ,300864,南大环境,20200811,20200824,1200.0,582.0,71.71,35.4,0.3,6.425,0.02
310,605178.SH,707178,时空科技,20200811,20200821,1773.0,1773.0,64.31,22.38,1.7,11.4,0.01
311,300870.SZ,300870,欧陆通,20200811,20200824,2530.0,1227.0,36.81,34.9,0.7,6.137,0.02
312,300871.SZ,300871,回盛生物,20200811,20200824,2770.0,1343.0,33.61,59.35,0.75,6.548,0.02
313,300869.SZ,300869,康泰医学,20200810,20200824,4100.0,1640.0,10.16,59.74,0.75,3.388,0.02
314,688393.SH,787393,安必平,20200810,20200820,2334.0,887.0,30.56,40.37,0.65,0.0,0.03
315,300868.SZ,300868,杰美特,20200810,20200824,3200.0,1552.0,41.26,39.31,0.9,4.98,0.02
316,688596.SH,787596,正帆科技,20200810,20200820,6424.0,2208.0,15.67,52.97,1.6,0.0,0.03
317,300867.SZ,300867,圣元环保,20200810,20200824,6800.0,2986.0,19.34,24.37,1.7,0.0,0.02
318,300865.SZ,300865,大宏立,20200807,20200824,2392.0,1160.0,20.2,26.32,0.65,4.159,0.02
319,688379.SH,787379,华光新材,20200807,20200819,2200.0,836.0,16.78,26.71,0.6,4.1,0.03
320,688521.SH,787521,芯原股份,20200807,20200818,4832.0,1274.0,38.53,0.0,0.8,8.747,0.04
321,300866.SZ,300866,安克创新,20200807,20200824,4100.0,1456.0,66.32,46.81,0.65,0.0,0.02
322,300863.SZ,300863,卡倍亿,20200807,20200824,1381.0,670.0,18.79,19.08,0.35,3.968,0.02
323,603931.SH,732931,格林达,20200807,20200819,2545.0,2291.0,21.38,22.98,1.0,5.442,0.02
324,605333.SH,707333,沪光股份,20200806,20200818,4010.0,3609.0,5.3,22.97,1.2,2.125,0.03
325,300875.SZ,300875,捷强装备,20200806,20200824,1920.0,1920.0,53.1,45.02,1.9,10.195,0.01
326,605388.SH,707388,均瑶健康,20200806,20200818,7000.0,6300.0,13.43,22.98,2.1,9.401,0.04
327,688519.SH,787519,南亚新材,20200806,20200818,5860.0,2003.0,32.6,55.24,1.45,9.913,0.03
328,688055.SH,787055,龙腾光电,20200806,20200817,33333.0,8500.0,1.22,38.35,5.65,16.006,0.06
329,688229.SH,787229,博睿数据,20200805,20200817,1110.0,422.0,65.82,51.73,0.3,4.711,0.03
330,300862.SZ,300862,蓝盾光电,20200805,20200824,3297.0,1649.0,33.95,35.55,0.95,0.0,0.02
331,605088.SH,707088,冠盛股份,20200805,20200817,4000.0,3600.0,15.57,22.98,1.6,6.228,0.03
332,688335.SH,787335,复洁环保,20200805,20200817,1820.0,692.0,46.22,56.67,0.5,5.612,0.03
333,300861.SZ,300861,美畅股份,20200804,20200824,4001.0,1568.0,43.76,46.09,0.75,24.69,0.02
334,300860.SZ,300860,锋尚文化,20200804,20200824,1802.0,879.0,138.02,41.2,0.5,14.432,0.02
335,002993.SZ,002993,奥海科技,20200803,20200817,4520.0,4068.0,26.88,22.99,1.8,12.15,0.02
336,688065.SH,787065,凯赛生物,20200803,20200812,4167.0,1110.0,133.45,120.7,0.7,0.0,0.04
337,605366.SH,707366,宏柏新材,20200731,20200812,8300.0,7470.0,9.98,22.78,3.3,8.283,0.04
338,688313.SH,787313,仕佳光子,20200731,20200812,4600.0,1311.0,10.82,0.0,0.85,0.0,0.03
339,688185.SH,787185,康希诺,20200731,20200813,2480.0,697.0,209.71,0.0,0.45,10.67,0.03
340,688155.SH,787155,先惠技术,20200730,20200811,1891.0,719.0,38.77,47.74,0.5,4.64,0.03
341,688339.SH,787339,亿华通,20200729,20200810,1763.0,461.0,76.65,0.0,0.25,0.0,0.04
342,688286.SH,787286,敏芯股份,20200729,20200810,1330.0,506.0,62.67,65.46,0.35,8.049,0.03
343,605066.SH,707066,天正电气,20200729,20200807,7100.0,6390.0,10.02,22.98,2.1,7.114,0.04
344,605100.SH,707100,华丰股份,20200729,20200811,2170.0,1953.0,39.43,22.99,0.8,8.556,0.02
345,688556.SH,787556,高测股份,20200727,20200807,4046.0,1538.0,14.41,80.67,1.15,6.57,0.03
346,605158.SH,707158,华达新材,20200727,20200805,9840.0,8856.0,8.55,20.66,3.9,8.413,0.04
347,300859.SZ,300859,西域旅游,20200727,20200806,3875.0,3488.0,7.19,15.28,1.55,2.786,0.03
348,688338.SH,787338,赛科希德,20200723,20200806,2041.0,778.0,50.35,57.99,0.55,4.246,0.03
349,002992.SZ,002992,宝明科技,20200723,20200803,3450.0,3105.0,22.35,22.99,1.35,7.711,0.02
350,605399.SH,707399,晨光新材,20200723,20200804,4600.0,4140.0,13.16,22.99,1.8,6.054,0.03
351,688311.SH,787311,盟升电子,20200722,20200731,2867.0,1092.0,41.58,68.31,0.8,5.85,0.03
352,688586.SH,787586,江航装备,20200722,20200731,10094.0,2746.0,10.27,47.17,1.8,5.945,0.04
353,002995.SZ,002995,天地在线,20200722,20200805,1617.0,1617.0,33.84,22.99,1.6,5.472,0.01
354,002991.SZ,002991,甘源食品,20200722,20200731,2330.0,2097.0,38.76,22.99,0.9,9.033,0.02
355,605222.SH,707222,起帆电缆,20200721,20200731,5000.0,4500.0,18.43,22.98,1.5,9.215,0.04
356,605318.SH,707318,法狮龙,20200721,20200803,3229.0,2906.0,13.09,22.99,1.2,4.227,0.03
357,601456.SH,780456,国联证券,20200721,20200731,47572.0,42815.0,4.25,19.6,14.2,0.0,0.15
358,688050.SH,787050,爱博医疗,20200720,20200729,2629.0,889.0,33.55,55.55,0.65,8.78,0.03
359,603408.SH,732408,建霖家居,20200720,20200730,4500.0,4050.0,15.53,22.98,1.3,6.989,0.04
360,605118.SH,707118,力鼎光电,20200720,20200730,4100.0,3690.0,9.28,22.99,1.2,3.805,0.03
361,605188.SH,707188,国光连锁,20200716,20200728,4958.0,4462.0,4.65,22.98,1.4,2.305,0.04
362,300858.SZ,300858,科拓生物,20200715,20200727,2063.0,1857.0,23.7,22.99,0.8,4.889,0.02
363,300857.SZ,300857,协创数据,20200714,20200727,5164.0,4648.0,9.3,22.99,2.05,4.802,0.03
364,300855.SZ,300855,图南股份,20200714,20200723,5000.0,4500.0,10.51,22.99,2.0,5.255,0.03
365,688561.SH,787561,奇安信,20200714,20200722,10194.0,2159.0,56.1,0.0,1.4,47.761,0.04
366,688069.SH,787069,德林海,20200713,20200722,1487.0,567.0,67.2,42.36,0.4,4.942,0.03
367,688508.SH,787508,芯朋微,20200713,20200722,2820.0,1072.0,28.3,52.16,0.8,6.312,0.03
368,300856.SZ,300856,科思股份,20200713,20200722,2822.0,2540.0,30.56,22.44,1.1,8.624,0.02
369,300853.SZ,300853,申昊科技,20200713,20200724,2041.0,1837.0,30.41,22.99,0.8,6.206,0.02
370,688589.SH,787589,力合微,20200713,20200722,2700.0,1026.0,17.91,48.48,0.75,3.731,0.03
371,688580.SH,787580,伟思医疗,20200708,20200721,1709.0,651.0,67.58,48.88,0.45,5.163,0.03
372,688256.SH,787256,寒武纪,20200708,20200720,4010.0,972.0,64.39,0.0,0.6,29.277,0.04
373,300848.SZ,300848,美瑞新材,20200708,20200720,1667.0,1667.0,28.18,22.99,1.65,4.698,0.01
374,688488.SH,787488,艾迪药业,20200707,20200720,6000.0,1621.0,13.99,285.07,1.05,8.234,0.04
375,688981.SH,787981,中芯国际,20200707,20200716,193846.0,25284.0,27.46,0.0,42.1,202.855,0.21
376,688500.SH,787500,慧辰资讯,20200707,20200716,1857.0,706.0,34.21,41.72,0.5,6.051,0.03
377,688579.SH,787579,山大地纬,20200706,20200717,4001.0,1140.0,8.12,46.49,0.75,4.237,0.04
378,605108.SH,707108,同庆楼,20200706,20200716,5000.0,4500.0,16.7,18.67,2.0,8.35,0.03
379,688567.SH,787567,孚能科技,20200706,20200717,21413.0,4541.0,15.9,1737.49,2.95,36.162,0.05
380,300851.SZ,300851,交大思诺,20200706,20200717,2173.0,1956.0,28.69,21.36,0.85,6.235,0.02
381,688165.SH,787165,埃夫特,20200703,20200715,13045.0,3720.0,6.35,0.0,2.45,12.665,0.05
382,688309.SH,787309,恒誉环保,20200703,20200714,2000.0,760.0,24.79,31.44,0.55,7.134,0.04
383,300850.SZ,300850,新强联,20200702,20200713,2650.0,2385.0,19.66,22.38,1.05,5.21,0.02
384,688180.SH,787180,君实生物,20200702,20200715,8713.0,2120.0,55.5,0.0,1.35,29.356,0.04
385,688060.SH,787060,云涌科技,20200701,20200710,1500.0,570.0,44.47,41.9,0.4,3.626,0.04
386,300849.SZ,300849,锦盛新材,20200629,20200710,2500.0,2250.0,13.99,22.99,1.0,3.498,0.02
387,605199.SH,707199,葫芦娃,20200629,20200710,4010.0,3609.0,5.19,22.98,1.2,2.081,0.04
388,300852.SZ,300852,四会富仕,20200629,20200713,1416.0,1416.0,33.06,22.99,1.4,4.681,0.01
389,300840.SZ,300840,酷特智能,20200624,20200708,6000.0,5400.0,5.94,22.96,2.4,3.564,0.04
390,688027.SH,787027,国盾量子,20200624,20200709,2000.0,680.0,36.18,196.99,0.5,3.554,0.04
391,688568.SH,787568,中科星图,20200624,20200708,5500.0,1898.0,16.21,37.88,1.4,7.906,0.04
392,688377.SH,787377,迪威尔,20200623,20200708,4867.0,1849.0,16.42,33.56,1.35,5.953,0.04
393,300847.SZ,300847,中船汉光,20200623,20200709,4934.0,4441.0,6.94,18.0,1.95,3.424,0.03
394,300845.SZ,300845,捷安高科,20200622,20200703,2309.0,2078.0,17.63,21.15,0.9,4.071,0.02
395,688277.SH,787277,天智航,20200622,20200707,4190.0,1081.0,12.04,0.0,0.7,5.083,0.04
396,688600.SH,787600,皖仪科技,20200619,20200703,3334.0,1267.0,15.5,38.81,0.95,3.14,0.04
397,300843.SZ,300843,胜蓝股份,20200619,20200702,3723.0,3351.0,10.01,19.74,1.45,3.727,0.03
398,300846.SZ,300846,首都在线,20200618,20200701,5000.0,4500.0,3.37,22.95,1.5,1.685,0.04
399,300839.SZ,300839,博汇股份,20200617,20200630,2600.0,2340.0,16.26,22.99,1.0,4.228,0.03
400,688528.SH,787528,秦川物联,20200617,20200701,4200.0,1596.0,11.33,45.43,1.15,4.652,0.04
401,688558.SH,787558,国盛智科,20200617,20200630,3300.0,1254.0,17.37,29.77,0.9,8.257,0.04
402,603087.SH,732087,甘李药业,20200616,20200629,4020.0,3618.0,63.32,22.99,1.2,25.455,0.04
403,600956.SH,730956,新天绿能,20200612,20200629,13475.0,12128.0,3.18,8.96,4.0,4.285,0.07
404,300824.SZ,300824,北鼎股份,20200610,20200619,5435.0,4892.0,5.91,22.01,2.15,3.212,0.04
405,688555.SH,787555,泽达易盛,20200610,20200623,2078.0,790.0,19.49,31.95,0.55,5.138,0.04
406,688518.SH,787518,联赢激光,20200610,20200622,7480.0,2842.0,7.81,43.04,2.1,6.789,0.04
407,688520.SH,787520,神州细胞,20200609,20200622,5000.0,1430.0,25.64,0.0,0.95,21.015,0.04
408,300842.SZ,300842,帝科股份,20200609,20200618,2500.0,2250.0,15.96,22.99,1.0,3.99,0.03
409,605166.SH,707166,聚合顺,20200608,20200618,7889.0,7100.0,7.05,22.97,3.1,5.562,0.05
410,688505.SH,787505,复旦张江,20200608,20200619,12000.0,2863.0,8.95,46.93,1.9,7.273,0.05
411,688106.SH,787106,金宏气体,20200605,20200616,12108.0,3110.0,15.48,43.93,2.0,10.879,0.05
412,300841.SZ,300841,康华生物,20200604,20200616,1500.0,1500.0,70.37,22.99,1.5,10.556,0.01
413,688004.SH,787004,博汇科技,20200603,20200612,1420.0,540.0,28.77,35.53,0.4,4.165,0.04
414,002989.SZ,002989,中天精装,20200601,20200610,3785.0,3407.0,24.52,20.85,1.5,9.283,0.03
415,688599.SH,787599,天合光能,20200529,20200610,31020.0,8903.0,8.16,27.61,5.85,32.596,0.08
416,300838.SZ,300838,浙江力诺,20200527,20200608,3409.0,3068.0,10.78,22.98,1.35,3.921,0.03
417,688157.SH,787157,松井股份,20200527,20200609,1990.0,756.0,34.48,30.18,0.55,0.0,0.04
418,688312.SH,787312,燕麦科技,20200527,20200608,3587.0,1241.0,19.68,32.26,0.9,6.099,0.04
419,300837.SZ,300837,浙矿股份,20200526,20200605,2500.0,2250.0,17.57,19.0,1.0,4.393,0.03
420,002986.SZ,002986,宇新股份,20200521,20200602,2834.0,2551.0,39.99,19.31,1.1,11.333,0.03
421,688360.SH,787360,德马科技,20200521,20200602,2142.0,814.0,25.12,40.02,0.6,4.592,0.04
422,601827.SH,780827,三峰环境,20200521,20200605,37827.0,34044.0,6.84,22.67,11.3,25.874,0.15
423,600918.SH,730918,中泰证券,20200520,20200603,69686.0,62718.0,4.38,48.08,20.9,0.0,0.24
424,605288.SH,707288,凯迪股份,20200520,20200601,1250.0,1250.0,92.59,22.99,1.2,11.574,0.01
425,605168.SH,707168,三人行,20200518,20200528,1727.0,1727.0,60.62,22.99,1.7,10.467,0.02
426,300836.SZ,300836,佰奥智能,20200518,20200528,1231.0,1231.0,28.18,22.99,1.2,3.47,0.01
427,603950.SH,732950,长源东谷,20200514,20200526,5788.0,5209.0,15.81,22.99,2.3,9.151,0.04
428,002990.SZ,002990,盛视科技,20200514,20200525,3156.0,2840.0,36.81,22.99,1.25,11.617,0.03
429,300835.SZ,300835,龙磁科技,20200514,20200525,1767.0,1767.0,20.0,20.56,1.75,3.534,0.01
430,688516.SH,787516,奥特维,20200512,20200521,2467.0,840.0,23.28,33.15,0.6,8.622,0.04
431,605001.SH,707001,威奥股份,20200511,20200522,7556.0,6800.0,16.14,22.99,3.0,12.195,0.05
432,300833.SZ,300833,浩洋股份,20200508,20200520,2108.0,1897.0,52.09,22.99,0.8,10.982,0.03
433,002988.SZ,002988,豪美新材,20200507,20200518,5821.0,5239.0,10.94,22.98,2.3,6.369,0.03
434,688566.SH,787566,吉贝尔,20200506,20200518,4674.0,1594.0,23.69,48.2,1.15,7.519,0.04
435,688598.SH,787598,金博股份,20200506,20200518,2000.0,762.0,47.2,59.6,0.55,3.648,0.04
436,601778.SH,780778,晶科科技,20200506,20200519,59459.0,53513.0,4.37,16.58,17.8,26.816,0.22
437,300832.SZ,300832,新产业,20200428,20200512,4120.0,3708.0,31.39,18.0,1.2,12.933,0.04
438,688588.SH,787588,凌志软件,20200424,20200511,4001.0,1140.0,11.49,34.82,0.75,3.234,0.05
439,002987.SZ,002987,京北方,20200423,20200507,4017.0,3615.0,23.04,21.93,1.2,9.255,0.03
440,688466.SH,787466,金科环境,20200423,20200508,2569.0,976.0,24.61,34.61,0.7,8.21,0.04
441,300831.SZ,300831,派瑞股份,20200422,20200507,8000.0,7200.0,3.98,20.93,3.2,3.184,0.04
442,688365.SH,787365,光云科技,20200420,20200429,4010.0,1024.0,10.8,47.9,0.65,4.132,0.04
443,603212.SH,732212,赛伍技术,20200420,20200430,4001.0,3601.0,10.46,22.57,1.2,4.185,0.04
444,300830.SZ,300830,金现代,20200420,20200506,8603.0,7742.0,4.4,22.95,2.55,3.785,0.05
445,002983.SZ,002983,芯瑞达,20200416,20200428,3542.0,3188.0,12.97,22.98,1.05,4.594,0.03
446,002985.SZ,002985,北摩高科,20200416,20200429,3754.0,3379.0,22.53,16.21,1.5,8.458,0.03
447,603439.SH,732439,贵州三力,20200416,20200428,4074.0,3667.0,7.35,22.97,1.2,2.994,0.04
448,603392.SH,732392,万泰生物,20200415,20200429,4360.0,3924.0,8.75,22.98,1.3,3.815,0.04
449,002982.SZ,002982,湘佳股份,20200415,20200424,2563.0,2307.0,29.63,13.29,1.0,7.594,0.02
450,688318.SH,787318,财富趋势,20200415,20200427,1667.0,641.0,107.41,42.12,0.45,8.194,0.04
451,300829.SZ,300829,金丹科技,20200413,20200422,2830.0,2547.0,22.53,22.98,1.1,6.376,0.03
452,601609.SH,780609,金田铜业,20200410,20200422,24200.0,21780.0,6.55,22.97,7.2,15.851,0.12
453,300828.SZ,300828,锐新科技,20200409,20200421,2757.0,2481.0,12.26,22.05,1.1,3.38,0.03
454,688126.SH,787126,沪硅产业,20200409,20200420,62007.0,13457.0,3.89,0.0,8.65,26.443,0.1
455,603682.SH,732682,锦和商业,20200409,20200421,9450.0,8505.0,7.91,22.28,2.8,7.711,0.06
456,002978.SZ,002978,安宁股份,20200408,20200417,4060.0,3654.0,27.47,21.77,1.2,11.153,0.03
457,002981.SZ,002981,朝阳科技,20200408,20200417,2400.0,2160.0,17.32,20.15,0.95,4.157,0.02
458,603095.SH,732095,越剑智能,20200402,20200415,3300.0,2970.0,26.16,22.99,1.3,8.633,0.03
459,688222.SH,787222,成都先导,20200401,20200416,4068.0,1059.0,20.52,110.77,0.65,7.413,0.05
460,002980.SZ,002980,华盛昌,20200331,20200415,3333.0,3000.0,14.89,22.98,1.3,4.963,0.03
461,300827.SZ,300827,上能电气,20200331,20200410,1833.0,1833.0,21.64,21.51,1.8,3.967,0.02
462,688096.SH,787096,京源环保,20200327,20200409,2683.0,1020.0,14.34,25.56,0.75,3.134,0.04
463,688085.SH,787085,三友医疗,20200326,20200409,5133.0,1754.0,20.96,48.96,1.3,6.725,0.04
464,002979.SZ,002979,雷赛智能,20200326,20200408,5200.0,4680.0,9.8,22.99,2.05,5.096,0.03
465,603353.SH,732353,和顺石油,20200325,20200407,3338.0,3004.0,27.79,22.99,1.3,9.276,0.03
466,300826.SZ,300826,测绘股份,20200325,20200403,2000.0,2000.0,22.88,22.28,2.0,4.576,0.02
467,300825.SZ,300825,阿尔特,20200318,20200327,7642.0,6877.0,6.14,17.87,3.05,4.692,0.04
468,688228.SH,787228,开普云,20200317,20200327,1678.0,580.0,59.26,53.58,0.4,0.0,0.04
469,688189.SH,787189,南新制药,20200316,20200326,3500.0,1334.0,34.94,55.48,0.95,7.481,0.04
470,603221.SH,732221,爱丽家居,20200311,20200323,6000.0,5400.0,12.9,22.98,2.4,7.74,0.04
471,688051.SH,787051,佳华科技,20200310,20200320,1933.0,736.0,50.81,35.93,0.55,0.0,0.04
472,300823.SZ,300823,建科机械,20200310,20200319,2340.0,2106.0,16.58,19.34,0.9,3.88,0.03
473,002977.SZ,002977,天箭科技,20200305,20200317,1790.0,1790.0,29.98,22.98,1.75,5.366,0.01
474,300822.SZ,300822,贝仕达克,20200304,20200313,2667.0,2400.0,23.57,17.96,1.05,6.286,0.03
475,300819.SZ,300819,聚杰微纤,20200303,20200312,2487.0,2238.0,15.07,22.99,0.95,3.748,0.03
476,300821.SZ,300821,东岳硅材,20200303,20200312,30000.0,27000.0,6.9,17.97,9.0,20.7,0.11
477,603949.SH,732949,雪龙集团,20200227,20200310,3747.0,3372.0,12.66,22.99,1.4,4.744,0.03
478,002976.SZ,002976,瑞玛工业,20200226,20200306,2500.0,2250.0,19.01,22.55,1.0,4.753,0.02
479,603948.SH,732948,建业股份,20200219,20200302,4000.0,3600.0,14.25,17.94,1.6,5.756,0.03
480,688086.SH,787086,紫晶存储,20200217,20200226,4760.0,1813.0,21.49,39.8,1.35,13.487,0.04
481,601696.SH,780696,中银证券,20200213,20200226,27800.0,25020.0,5.47,22.97,8.3,0.0,0.13
482,603719.SH,732719,良品铺子,20200212,20200224,4100.0,3690.0,11.9,22.99,1.2,4.879,0.04
483,688396.SH,787396,华润微,20200212,20200227,33694.0,6153.0,12.8,48.31,8.45,0.0,0.08
484,688177.SH,787177,百奥泰,20200211,20200221,6000.0,1734.0,32.76,0.0,1.15,20.894,0.05
485,688169.SH,787169,石头科技,20200211,20200221,1667.0,648.0,271.12,58.76,0.45,13.865,0.04
486,688233.SH,787233,神工股份,20200211,20200221,4000.0,1522.0,21.67,32.53,1.1,12.325,0.04
487,688200.SH,787200,华峰测控,20200207,20200218,1530.0,529.0,107.41,72.58,0.35,10.94,0.05
488,300817.SZ,300817,双飞股份,20200206,20200218,2106.0,1895.0,18.37,22.99,0.8,3.869,0.03
489,688090.SH,787090,瑞松科技,20200205,20200217,1684.0,640.0,27.55,43.3,0.45,4.298,0.04
490,688208.SH,787208,道通科技,20200204,20200213,5000.0,1430.0,24.36,36.16,0.95,7.36,0.05
491,300820.SZ,300820,英杰电气,20200204,20200213,1584.0,1584.0,33.66,18.98,1.55,5.332,0.02
492,300818.SZ,300818,耐普矿机,20200203,20200212,1750.0,1750.0,21.14,22.99,1.75,3.7,0.02
493,688080.SH,787080,映翰通,20200122,20200212,1311.0,498.0,27.63,32.38,0.35,3.053,0.04
494,688398.SH,787398,赛特新材,20200122,20200211,2000.0,760.0,24.12,47.45,0.55,4.605,0.04
495,688186.SH,787186,广大特材,20200121,20200211,4180.0,1588.0,17.16,23.4,1.15,7.764,0.05
496,603893.SH,732893,瑞芯微,20200120,20200207,4200.0,3780.0,9.68,22.98,1.2,4.066,0.04
497,300816.SZ,300816,艾可蓝,20200117,20200210,2000.0,2000.0,20.28,21.78,2.0,4.056,0.02
498,688298.SH,787298,东方生物,20200116,20200205,3000.0,1140.0,21.25,40.73,0.85,0.0,0.04
499,603195.SH,732195,公牛集团,20200116,20200206,6000.0,5400.0,59.45,22.93,1.8,35.772,0.05
500,002975.SZ,002975,博杰股份,20200116,20200205,1737.0,1737.0,34.6,21.53,1.7,6.009,0.01
501,603290.SH,732290,斯达半导,20200115,20200204,4000.0,3600.0,12.74,22.98,1.6,5.096,0.04
502,688159.SH,787159,有方科技,20200114,20200123,2292.0,779.0,20.35,49.31,0.55,6.277,0.04
503,688266.SH,787266,泽璟制药,20200114,20200123,6000.0,1722.0,33.76,0.0,1.1,25.409,0.05
504,300815.SZ,300815,玉禾田,20200114,20200123,3460.0,3114.0,29.55,22.98,1.35,10.224,0.03
505,688026.SH,787026,洁特生物,20200113,20200122,2500.0,950.0,16.49,34.93,0.7,3.404,0.04
506,688158.SH,787158,优刻得,20200108,20200120,5850.0,1404.0,33.23,181.85,0.9,0.0,0.05
507,688278.SH,787278,特宝生物,20200107,20200117,4650.0,1205.0,8.24,209.46,0.8,0.0,0.05
508,688100.SH,787100,威胜信息,20200107,20200121,5000.0,1275.0,13.78,42.46,0.85,6.832,0.05
509,601816.SH,780816,京沪高铁,20200106,20200116,628563.0,234379.0,4.88,23.39,94.2,0.0,0.79
510,300813.SZ,300813,泰林生物,20200103,20200114,1300.0,1300.0,18.35,22.97,1.3,2.385,0.01
511,002971.SZ,002971,和远气体,20200102,20200113,4000.0,3600.0,10.82,22.97,1.6,4.328,0.03
512,688178.SH,787178,万德斯,20200102,20200114,2125.0,808.0,25.2,29.14,0.6,5.944,0.04
513,603551.SH,732551,奥普家居,20200102,20200115,4001.0,3601.0,15.21,21.85,1.2,6.402,0.04
